[
  {
    "id": 1,
    "name": "Anna Baier",
    "email": "AnnaBaier@einrot.com",
    "phone": "081 581 92 35",
    "priority": "Tief",
    "service": "Kleiner Service",
    "create_date": "2022-11-13T18:12:43.511Z",
    "pickup_date": "2022-11-25T18:12:43.511Z"
  },
  {
    "id": 2,
    "name": "Swen Möller",
    "email": "SwenMoeller@gmail.com",
    "phone": "041 371 23 67",
    "priority": "Standard",
    "service": "Grosser Service",
    "create_date": "2022-11-15T18:07:43.511Z",
    "pickup_date": "2022-11-22T18:07:43.511Z"
  },
  {
    "id": 3,
    "name": "Andrea Beckenbauer",
    "email": "AndreaBeckenbauer@green.com",
    "phone": "071 864 60 84",
    "priority": "Express",
    "service": "Heisswachsen",
    "create_date": "2022-12-01T18:12:43.511Z",
    "pickup_date": "2022-12-06T18:50:43.511Z"
  },
  {
    "id": 4,
    "name": "Test",
    "email": "test@gmailcom",
    "phone": "076402334",
    "priority": "Standard",
    "service": "Kleiner Service",
    "create_date": "2024-11-20T12:17:19.010Z"
  },
  {
    "id": 5,
    "name": "Erttm",
    "email": "ertem@testgamil.com",
    "phone": "0764014546",
    "priority": "Tief",
    "service": "Heisswachsen",
    "create_date": "2024-11-20T12:19:08.989Z"
  },
  {
    "id": 6,
    "name": "Test3",
    "email": "test232@gmailcom",
    "phone": "07634343422222",
    "priority": "Standard",
    "service": "Fell zuschneiden",
    "create_date": "2024-11-20T15:11:55.320Z"
  },
  {
    "id": 7,
    "name": "Test4",
    "email": "test4@gmail.com",
    "phone": "0764014943",
    "priority": "Standard",
    "service": "Rennski-Service",
    "create_date": "2024-11-20T15:34:50.287Z"
  },
  {
    "id": 8,
    "name": "Test4",
    "email": "test4@gmail.com",
    "phone": "023n2323",
    "priority": "Standard",
    "service": "Rennski-Service",
    "create_date": "2024-11-20T15:35:31.587Z"
  },
  {
    "id": 9,
    "name": "Test5",
    "email": "test5@gmail.com",
    "phone": "0732762376",
    "priority": "Standard",
    "service": "Heisswachsen",
    "create_date": "2024-11-20T16:11:11.974Z",
    "pickup_date": "2024-11-29T16:11:11.974Z"
  },
  {
    "id": 10,
    "name": "Test6",
    "email": "test6@gmail.com",
    "phone": "0732762376",
    "priority": "Tief",
    "service": "Kleiner Service",
    "create_date": "2024-11-21T07:56:36.678Z",
    "pickup_date": "2024-12-09T07:56:36.678Z"
  },
  {
    "id": 11,
    "name": "Test7",
    "email": "test7@gmail.com",
    "phone": "0732762376",
    "priority": "Standard",
    "service": "Kleiner Service",
    "create_date": "2024-11-21T08:07:42.995Z",
    "pickup_date": "2024-12-02T08:07:42.995Z"
  },
  {
    "id": 12,
    "name": "Test8",
    "email": "test8@gmail.com",
    "phone": "0764014943",
    "priority": "Express",
    "service": "Kleiner Service",
    "create_date": "2024-11-21T08:09:00.462Z",
    "pickup_date": "2024-11-28T08:09:00.462Z"
  },
  {
    "id": 13,
    "name": "Test8",
    "email": "test8@gmail.com",
    "phone": "0732762376",
    "priority": "Express",
    "service": "Grosser Service",
    "create_date": "2024-11-21T08:22:18.069Z",
    "pickup_date": "2024-11-28T08:22:18.069Z"
  },
  {
    "id": 14,
    "name": "Test8",
    "email": "test8@gmail.com",
    "phone": "0732762376",
    "priority": "Standard",
    "service": "Kleiner Service",
    "create_date": "2024-11-21T08:53:53.998Z",
    "pickup_date": "2024-12-02T08:53:53.998Z"
  },
  {
    "id": 15,
    "name": "Test9",
    "email": "test8@gmail.com",
    "phone": "0732762376",
    "priority": "Standard",
    "service": "Kleiner Service",
    "create_date": "2024-11-21T09:23:35.783Z",
    "pickup_date": "2024-12-02T09:23:35.783Z"
  },
  {
    "id": 16,
    "name": "TestX",
    "email": "testX@gmail.com",
    "phone": "0732762376",
    "priority": "Tief",
    "service": "Heisswachsen",
    "create_date": "2024-11-21T09:46:30.934Z",
    "pickup_date": "2024-12-09T09:46:30.934Z"
  },
  {
    "id": 17,
    "name": "Tuna-ArdaCan",
    "email": "test4@gmail.com",
    "phone": "0732762376",
    "priority": "Express",
    "service": "Grosser Service",
    "create_date": "2024-11-21T09:53:56.034Z",
    "pickup_date": "2024-11-28T09:53:56.034Z"
  },
  {
    "id": 18,
    "name": "Max Mustermann",
    "email": "max@example.com",
    "phone": "+41 61 123 45 67",
    "priority": "Standard",
    "service": "Kleiner Service",
    "create_date": "2024-11-21T10:09:54.816Z",
    "pickup_date": "2024-12-02T13:30:00.000Z"
  },
  {
    "id": 19,
    "name": "Max Mustermann",
    "email": "max@example.com",
    "phone": "+41 61 123 45 67",
    "priority": "Standard",
    "service": "Kleiner Service",
    "create_date": "2024-11-21T10:10:44.543Z",
    "pickup_date": "2024-12-02T13:30:00.000Z"
  },
  {
    "id": 20,
    "name": "Ertem Alkan",
    "email": "Ertem.Alkan@gmail.com",
    "phone": "+41 401 49 43",
    "priority": "Standard",
    "service": "Fell zuschneiden",
    "create_date": "2024-11-21T10:19:27.578Z",
    "pickup_date": "2024-12-02T10:19:27.578Z"
  },
  {
    "id": 21,
    "name": "Tuna",
    "email": "Tuna-Arda.can@student.ipso.ch",
    "phone": "+41 401 49 43",
    "priority": "Standard",
    "service": "Rennski-Service",
    "create_date": "2024-11-21T10:42:55.391Z",
    "pickup_date": "2024-12-02T10:42:55.391Z"
  },
  {
    "id": 22,
    "name": "Ertem Alkan",
    "email": "Ertem.Alkan@gmail.com",
    "phone": "+41 401 49 43",
    "priority": "Standard",
    "service": "Grosser Service",
    "create_date": "2024-11-21T10:44:07.627Z",
    "pickup_date": "2024-12-02T10:44:07.627Z"
  }
]